timestamp,open,high,low,close,volume,close_time,quote_asset_volume,number_of_trades,taker_buy_base,taker_buy_quote,ignore,returns,log_returns,ma_5,ma_5_slope,ma_10,ma_10_slope,ma_20,ma_20_slope,ma_50,ma_50_slope,ma_100,ma_100_slope,ma_200,ma_200_slope,volatility_10,volatility_20,volatility_50,high_20,low_20,price_position,rsi,macd,macd_signal,macd_histogram,bb_middle,bb_upper,bb_lower,bb_position,volume_ma_10,volume_ratio,volume_price_trend,body_size,upper_wick,lower_wick,total_range,body_ratio,buy_pressure,sell_pressure,trade_intensity,hour,day_of_week,month,quarter,gap_up,gap_down,trend_short,trend_long,vol_regime,market_regime
2024-11-06,10.84,12.32,10.8,12.17,6021284.14,1730937599999,70601112.812,350121.0,3103447.83,36391034.4479,0,0.12373037857802394,0.1166538459865365,11.041999999999998,0.18399999999999928,11.324,0.11800000000000033,11.3935,0.057000000000000384,11.3774,0.030799999999999272,11.1078,-0.013600000000002055,,,0.060533341976096604,0.04829111387667177,0.038568310323497335,12.47,10.07,0.8749999999999998,56.67189952904239,-0.02088845803184647,-0.010902348450091054,-0.009986109581755415,11.3935,12.42902224302014,10.357977756979858,0.8749315889803139,3047615.473,1.9757361758216796,745015.7661680513,1.33,0.15000000000000036,0.03999999999999915,1.5199999999999996,0.8750000000000003,0.5154129514306561,0.4845870485693438,0.05814723103234919,0,2,11,4,False,False,1,-1,high_vol,sideways_volatile
2024-11-07,12.17,12.71,12.06,12.59,4102157.95,1731023999999,50979081.8999,231794.0,2022958.92,25146115.1696,0,0.03451109285127352,0.03392894105681989,11.322,0.28000000000000114,11.465,0.14100000000000001,11.449,0.05550000000000033,11.4114,0.034000000000000696,11.1023,-0.005499999999999616,,,0.06094827150525011,0.04807278703934146,0.038706107516808065,12.71,10.07,0.9545454545454541,57.47303543913714,0.08590978915353453,0.008460079070634063,0.07744971008290047,11.449,12.614827467599952,10.283172532400048,0.9893519974910767,3234566.687,1.2682248804722203,141569.95390303983,0.41999999999999993,0.120000000000001,0.10999999999999943,0.6500000000000004,0.6461538461538457,0.49314505795662983,0.5068549420433701,0.056505381515112064,0,3,11,4,False,False,1,-1,high_vol,sideways_volatile
2024-11-08,12.59,13.75,12.52,13.69,5862824.36,1731110399999,77064721.2067,340759.0,3016699.05,39663039.1286,0,0.08737092930897528,0.08376279124410163,11.908,0.5860000000000003,11.654,0.18900000000000006,11.5625,0.11350000000000016,11.460999999999999,0.04959999999999809,11.1109,0.008600000000001273,,,0.06413630046333815,0.051314281959258475,0.04032816186508931,13.75,10.07,0.9836956521739129,68.0281690140845,0.2563538883540062,0.05803884092730849,0.1983150474266977,11.5625,13.099385093126244,10.025614906873756,1.1921467354701059,3579507.782,1.6378856303880498,512240.41270849825,1.0999999999999996,0.0600000000000005,0.07000000000000028,1.2300000000000004,0.8943089430894303,0.5145470620921005,0.48545293790789945,0.05812198678931599,0,4,11,4,False,False,1,-1,high_vol,sideways_volatile
2024-11-09,13.69,13.84,13.28,13.78,3227868.58,1731196799999,43667844.8248,211760.0,1548076.54,20953543.9696,0,0.006574141709276837,0.006552626285154984,12.612,0.7040000000000006,11.793000000000001,0.13900000000000112,11.6525,0.08999999999999986,11.5078,0.04680000000000106,11.1199,0.008999999999998565,,,0.06309901530613389,0.05050071225497451,0.04026536407869964,13.84,10.07,0.9840848806366046,69.58981612446959,0.3941507878603119,0.12526123031390918,0.2688895575464027,11.6525,13.476352198536176,9.828647801463823,1.083243533030673,3590789.9359999998,0.898929939520695,21220.4654638422,0.08999999999999986,0.0600000000000005,0.41000000000000014,0.5600000000000005,0.1607142857142853,0.4795971402280572,0.5204028597719428,0.06560366221601252,0,5,11,4,False,False,1,-1,high_vol,sideways_volatile
2024-11-10,13.78,14.85,13.65,14.25,7213896.18,1731283199999,103540254.80292,516463.0,3727660.1,53468568.41092,0,0.0341074020319303,0.033538641129146986,13.296000000000001,0.684000000000001,12.077,0.2839999999999989,11.779499999999999,0.1269999999999989,11.5628,0.054999999999999716,11.143100000000002,0.023200000000002774,,,0.05440856335155822,0.050273324898067906,0.04048236911005573,14.85,10.07,0.8744769874476988,71.67553191489361,0.5351124522842241,0.20723147470797215,0.32788097757625195,11.779499999999999,13.942426623569865,9.616573376430132,1.0711012045157804,4044939.0769999996,1.7834375358133485,246047.2572278662,0.47000000000000064,0.5999999999999996,0.129999999999999,1.1999999999999993,0.39166666666666744,0.5167332613317427,0.4832667386682573,0.07159279633547486,0,6,11,4,False,False,1,-1,high_vol,sideways_volatile
2024-11-11,14.26,14.94,13.61,14.91,7032175.76,1731369599999,100580417.27419,502645.0,3392341.51,48578633.62589,0,0.04631578947368431,0.04527522206198761,13.844,0.5479999999999983,12.443,0.36599999999999966,11.9265,0.14700000000000202,11.6384,0.07560000000000144,11.1754,0.03229999999999755,,,0.05308253800644726,0.05084094460657505,0.040529642393912976,14.94,10.07,0.9938398357289528,73.34167709637046,0.6921039278039931,0.30420596532717636,0.38789796247681674,11.9265,14.503861155584477,9.349138844415524,1.078789665067995,4438618.106000001,1.5843164678876294,325700.77204210596,0.6500000000000004,0.02999999999999936,0.6500000000000004,1.33,0.48872180451127845,0.4824028331737829,0.5175971668262171,0.07147787785099387,0,0,11,4,False,False,1,-1,high_vol,sideways_volatile
2024-11-12,14.91,15.34,13.66,13.95,9709186.6,1731455999999,139544471.87743,693357.0,4586898.03,66050032.25343,0,-0.06438631790744476,-0.0665526205092725,14.116,0.27200000000000024,12.719,0.2759999999999998,12.058,0.13149999999999906,11.6896,0.05119999999999969,11.2061,0.030699999999999505,,,0.06022830373880316,0.0515803113805387,0.041675301712821196,15.34,10.07,0.7362428842504742,62.905162064825916,0.7306345262561891,0.3894916775129789,0.34114284874321016,12.058,14.769927650020797,9.346072349979202,0.8488293649695061,5195038.573999999,1.8689344576943658,-625138.7750503026,0.9600000000000009,0.4299999999999997,0.28999999999999915,1.6799999999999997,0.5714285714285721,0.4724286615317498,0.5275713384682502,0.07141247032990385,0,1,11,4,False,False,1,-1,high_vol,sideways_volatile
2024-11-13,13.95,14.38,13.05,13.48,7983731.02,1731542399999,109236722.8471,588722.0,3797356.52,51969968.0363,0,-0.033691756272401396,-0.03427240278321362,14.074000000000002,-0.04199999999999804,12.991,0.27200000000000024,12.151,0.09299999999999997,11.716199999999999,0.026599999999998403,11.245999999999999,0.03989999999999938,,,0.05970021383433085,0.052423217151669574,0.041050269691066864,15.34,10.07,0.6470588235294118,56.63824604141291,0.7150031201859015,0.4545939660475634,0.2604091541383381,12.151,14.926508677891782,9.375491322108218,0.7394155728256416,5689016.784,1.4033586686637554,-268985.91967025056,0.46999999999999886,0.4300000000000015,0.4299999999999997,1.33,0.3533834586466157,0.475636830760864,0.524363169239136,0.07374020974970172,0,2,11,4,False,False,1,-1,high_vol,sideways_volatile
2024-11-14,13.49,13.83,12.8,13.0,5553257.49,1731628799999,73907649.5921,380773.0,2804670.16,37334009.5455,0,-0.035608308605341255,-0.03625774802262425,13.918000000000001,-0.15600000000000058,13.265,0.2740000000000009,12.244499999999999,0.0934999999999988,11.734000000000002,0.017800000000002925,11.2753,0.029300000000000992,,,0.0583521306293028,0.05210751129649464,0.04140259857861257,15.34,10.07,0.555977229601518,60.311284046692606,0.6563175100717338,0.4949386748523975,0.16137883521933627,12.244499999999999,15.001114819512845,9.487885180487153,0.6370340162601162,5915803.009000001,0.9387157553339011,-197742.10646884277,0.4900000000000002,0.33999999999999986,0.1999999999999993,1.0299999999999994,0.47572815533980634,0.5050495434527384,0.4949504565472616,0.06856750307106685,0,3,11,4,False,False,1,-1,high_vol,sideways_volatile
2024-11-15,13.0,13.9,12.71,13.84,4456308.53,1731715199999,59432128.5716,248564.0,2355837.14,31402463.8124,0,0.06461538461538452,0.06261359272798668,13.835999999999999,-0.08200000000000252,13.565999999999999,0.3009999999999984,12.386,0.14150000000000063,11.7596,0.025599999999998957,11.3189,0.04359999999999964,,,0.05893890753013459,0.05330969596804861,0.04205201787130748,15.34,10.07,0.715370018975332,65.43504171632897,0.6698679008931503,0.5299245200605481,0.13994338083260216,12.386,15.166233992424292,9.605766007575706,0.7614887818726634,6116269.061,0.728599164875752,287946.0896307688,0.8399999999999999,0.0600000000000005,0.28999999999999915,1.1899999999999995,0.7058823529411766,0.5286521622415583,0.47134783775844175,0.05577800511940765,0,4,11,4,False,False,1,-1,high_vol,sideways_volatile
2024-11-16,13.84,14.8,13.73,14.52,5856591.0,1731801599999,83889956.9425,426659.0,2940824.67,42141671.738,0,0.049132947976878505,0.047964059207126424,13.758000000000001,-0.07799999999999763,13.800999999999998,0.23499999999999943,12.5625,0.17650000000000077,11.796600000000002,0.03700000000000081,11.356599999999998,0.03769999999999918,,,0.04915325040329664,0.05378796598482759,0.042553420062049326,15.34,10.07,0.8444022770398482,68.47946725860156,0.7270954959709748,0.5693587152426335,0.1577367807283413,12.5625,15.416792243363712,9.708207756636288,0.8429046210231673,6099799.7469999995,0.9601284046874466,287751.58092485485,0.6799999999999997,0.28000000000000114,0.10999999999999943,1.0700000000000003,0.6355140186915883,0.5021393281518207,0.4978606718481793,0.07285108350574591,0,5,11,4,False,False,1,-1,high_vol,sideways_volatile
2024-11-17,14.53,14.9,13.56,13.78,4925533.75,1731887999999,69837527.868,336676.0,2425259.69,34412888.0119,0,-0.05096418732782371,-0.05230874381113754,13.724,-0.034000000000000696,13.919999999999998,0.11899999999999977,12.692499999999999,0.129999999999999,11.8132,0.016599999999998616,11.389100000000001,0.032500000000002416,,,0.05338546507813635,0.055788563717569246,0.04315568107740037,15.34,10.07,0.7039848197343452,66.20171673819742,0.7046146032715939,0.5964098928484256,0.10820471042316826,12.692499999999999,15.518364562627818,9.86663543737218,0.6924189882243889,6182137.3270000005,0.7967363857299186,-251025.824724518,0.75,0.370000000000001,0.21999999999999886,1.3399999999999999,0.5597014925373135,0.4923851531826373,0.5076148468173627,0.06835320131549195,0,6,11,4,False,False,1,-1,high_vol,sideways_volatile
2024-11-18,13.79,16.0,13.75,15.26,8507217.52,1731974399999,127404266.56973,469174.0,4338921.43,64997556.07503,0,0.10740203193033393,0.10201676027079853,14.080000000000002,0.35600000000000165,14.077000000000002,0.15700000000000358,12.8655,0.17300000000000182,11.8692,0.05599999999999916,11.436200000000001,0.047100000000000364,,,0.05685943280365059,0.05903449841461132,0.04524680835726081,16.0,10.07,0.8752107925801011,74.27184466019418,0.7970342502647121,0.636534764331683,0.1604994859330291,12.8655,15.878737286933829,9.852262713066173,0.8973301422996401,6446576.643,1.3196488603354373,913692.4477213362,1.4700000000000006,0.7400000000000002,0.03999999999999915,2.25,0.6533333333333337,0.5100282695016831,0.48997173049831694,0.05515011211327297,0,0,11,4,False,False,1,-1,high_vol,sideways_volatile
2024-11-19,15.27,15.43,14.33,14.62,4551823.82,1732060799999,67448092.5247,323785.0,2177767.91,32278918.4864,0,-0.04193971166448229,-0.04284457153467849,14.404,0.32399999999999807,14.160999999999998,0.08399999999999608,12.976999999999999,0.11149999999999771,11.9246,0.05540000000000056,11.4824,0.04619999999999891,,,0.059419021342286396,0.05970586908364875,0.04508647582416309,16.0,10.07,0.7672849915682967,68.2738669238187,0.8093056631480415,0.6710889440949548,0.13821671905308675,12.976999999999999,16.079855051993906,9.87414494800609,0.7647561636732276,6578972.166999999,0.691874612698905,-190902.17855832237,0.6500000000000004,0.16000000000000014,0.28999999999999915,1.0999999999999996,0.5909090909090914,0.4784385327989254,0.5215614672010745,0.07113302553085193,0,1,11,4,False,False,1,-1,high_vol,sideways_volatile
2024-11-20,14.62,15.32,14.03,14.24,5709847.39,1732147199999,83253123.158,302734.0,2752776.49,40159911.4975,0,-0.025991792065663377,-0.026335548337802637,14.484,0.08000000000000007,14.16,-0.0009999999999976694,13.118500000000001,0.1415000000000024,11.9892,0.06460000000000043,11.519200000000001,0.036800000000001276,,,0.059467951045946786,0.05663857296617495,0.04397379368800561,16.0,10.07,0.7032040472175379,60.99893730074389,0.779383771097681,0.6927479094955,0.08663586160218095,13.118500000000001,16.17828516617716,10.05871483382284,0.6832645004618381,6428567.288,0.8881990549680313,-148409.16608755072,0.379999999999999,0.7000000000000011,0.21000000000000085,1.290000000000001,0.29457364341085174,0.482110344108514,0.5178896558914861,0.05301963070505113,0,2,11,4,False,False,1,-1,high_vol,sideways_volatile
2024-11-21,14.24,15.38,13.83,14.89,6056901.96,1732233599999,89308487.913,380364.0,2710652.36,39971634.1212,0,0.04564606741573041,0.04463494071208798,14.558000000000002,0.07400000000000162,14.158000000000001,-0.0019999999999988916,13.3005,0.1819999999999986,12.073799999999999,0.08459999999999823,11.5623,0.04309999999999903,,,0.05941220854427289,0.056732524222480214,0.04397612392266095,16.0,10.07,0.8128161888701518,61.92946058091287,0.7989106787950035,0.7139804633554008,0.08493021543960277,13.3005,16.325145955792948,10.275854044207053,0.7627580257708697,6331039.908,0.9566993808310077,276473.7551966296,0.6500000000000004,0.4900000000000002,0.41000000000000014,1.5500000000000007,0.41935483870967744,0.4475311599727462,0.5524688400272538,0.06279844093761755,0,3,11,4,False,False,1,-1,high_vol,sideways_volatile
2024-11-22,14.89,16.59,14.72,16.57,10260318.34,1732319999999,158160391.76448,602597.0,5252070.02,81139472.31878,0,0.11282740094022836,0.10690398474255394,15.116,0.557999999999998,14.419999999999998,0.2619999999999969,13.5695,0.26900000000000013,12.192,0.11820000000000164,11.6241,0.061799999999999855,,,0.06386483393301504,0.06046664616023294,0.046403942197259504,16.59,10.07,0.9969325153374233,64.09001956947162,0.9391222369191734,0.7590088180681553,0.18011341885101806,13.5695,16.75643038254019,10.382569617459808,0.9707507914886434,6386153.082,1.6066508597984779,1157645.0511215583,1.6799999999999997,0.019999999999999574,0.16999999999999993,1.8699999999999992,0.898395721925134,0.5118817804633535,0.4881182195366465,0.05873082881364088,0,4,11,4,False,False,1,-1,high_vol,sideways_volatile
2024-11-23,16.57,18.39,16.3,17.38,11533900.71,1732406399999,198484986.16767,661875.0,5607128.18,96648131.78867,0,0.04888352444176225,0.047726288398774463,15.540000000000001,0.42400000000000126,14.809999999999999,0.39000000000000057,13.9005,0.3309999999999995,12.318,0.12599999999999945,11.6962,0.07209999999999894,,,0.061571642556750204,0.059046282166553166,0.04654617202953765,18.39,10.07,0.878605769230769,66.45338208409507,1.1028877341740753,0.8277846012893393,0.275103132884736,13.9005,17.230709255318708,10.57029074468129,1.0224146192079158,6741170.051000001,1.710964212850414,563817.717266144,0.8099999999999987,1.0100000000000016,0.2699999999999996,2.09,0.3875598086124396,0.48614326765779825,0.5138567323422017,0.05738518274447674,0,5,11,4,False,False,1,-1,high_vol,sideways_volatile
2024-11-24,17.39,18.34,16.1,17.91,8358817.85,1732492799999,144372803.7186,576726.0,4006484.07,69223856.6031,0,0.03049482163406214,0.030039096235374433,16.198,0.6579999999999995,15.300999999999998,0.49099999999999966,14.283000000000001,0.38250000000000206,12.4508,0.13279999999999959,11.7741,0.07790000000000141,,,0.05746702310291066,0.05653758562253456,0.04662571234807519,18.39,10.18,0.9415347137637028,66.63636363636364,1.2609047165341938,0.9144086243383103,0.3464960921958835,14.283000000000001,17.609943278588805,10.9560567214112,1.0450949559829092,7021726.087,1.190422090869578,254900.6594073648,0.5199999999999996,0.4299999999999997,1.2899999999999991,2.2399999999999984,0.23214285714285712,0.47931228337509474,0.5206877166249052,0.0689961200673849,0,6,11,4,False,False,1,-1,high_vol,sideways_volatile
2024-11-25,17.91,19.06,17.14,17.34,10299574.1,1732579199999,187158991.52597,644341.0,4837280.56,88120636.88177,0,-0.031825795644891186,-0.032343244720224686,16.818,0.620000000000001,15.651,0.3500000000000014,14.608499999999998,0.32549999999999635,12.5722,0.12140000000000128,11.845899999999999,0.07179999999999787,,,0.05980507794736388,0.05779898340917171,0.046985751415432,19.06,10.8,0.7917675544794189,61.136571952337306,1.3248678256022721,0.9965004645911028,0.32836736101116937,14.608499999999998,17.78335697978745,11.433643020212548,0.9301768579482389,7606052.643999999,1.35412868961994,-327792.14053601405,0.5700000000000003,1.1499999999999986,0.1999999999999993,1.9199999999999982,0.29687500000000044,0.4696583094634952,0.5303416905365048,0.06255996546497976,0,0,11,4,False,False,1,-1,high_vol,sideways_volatile
2024-11-26,17.34,17.84,16.18,17.34,6811917.35,1732665599999,116079140.6982,477412.0,3212215.25,54735937.0189,0,0.0,0.0,17.308,0.48999999999999844,15.932999999999998,0.28199999999999825,14.867,0.2585000000000033,12.695800000000002,0.12360000000000149,11.918400000000002,0.07250000000000334,,,0.059562081409787304,0.05315058800396935,0.04692342295223974,19.06,12.06,0.7542857142857143,67.03517587939699,1.3598831637541604,1.0691770044237143,0.2907061593304461,14.867,18.047765217431312,11.68623478256869,0.8887429330601644,7701585.278999999,0.8844824933087649,0.0,0.0,0.5,1.1600000000000001,1.6600000000000001,0.0,0.4715581656315898,0.5284418343684102,0.0700848198048087,0,1,11,4,False,False,1,-1,high_vol,sideways_volatile
2024-11-27,17.34,19.0,16.96,18.66,7273824.08,1732751999999,131293904.8581,451445.0,3576659.27,64640690.5859,0,0.0761245674740485,0.07336622406680203,17.726000000000003,0.4180000000000028,16.421,0.4880000000000013,15.170499999999999,0.3034999999999979,12.8526,0.15679999999999872,12.0031,0.084699999999998,,,0.05633890014768621,0.05457794914082953,0.04746976393613265,19.06,12.52,0.9388379204892968,73.98148148148148,1.477118734514141,1.1507653504417996,0.3263533840723414,15.170499999999999,18.586157292065742,11.754842707934253,1.0108094433399082,7936414.311999999,0.9165126458937318,553716.7119723187,1.3200000000000003,0.33999999999999986,0.379999999999999,2.039999999999999,0.6470588235294121,0.49171649336891854,0.5082835066310815,0.06206432751670288,0,2,11,4,False,False,1,-1,high_vol,sideways_volatile
2024-11-28,18.66,18.69,17.48,17.93,4613852.6,1732838399999,82881000.5,331632.0,1993208.12,35847053.8701,0,-0.03912111468381563,-0.039906907802156236,17.836,0.10999999999999588,16.688,0.26699999999999946,15.382499999999999,0.21199999999999974,13.000599999999999,0.1479999999999979,12.0801,0.07699999999999996,,,0.05358274439521456,0.05383702633957084,0.047706862382594285,19.06,12.71,0.8220472440944883,72.3076923076923,1.4939030850011417,1.219392897353668,0.2745101876474736,15.382499999999999,18.93484466677696,11.830155333223036,0.8585659949927303,7547077.82,0.6113429210671634,-180499.0566988209,0.7300000000000004,0.030000000000001137,0.4499999999999993,1.2100000000000009,0.6033057851239668,0.4320051576853583,0.5679948423146417,0.07187745876407062,0,3,11,4,False,False,1,-1,high_vol,sideways_volatile
2024-11-29,17.94,18.41,17.52,18.24,3855567.29,1732924799999,69377841.0361,322158.0,1715027.95,30882931.6871,0,0.01728945900725032,0.017141697029143723,17.901999999999997,0.06599999999999895,17.05,0.3620000000000019,15.605500000000001,0.22300000000000253,13.154199999999998,0.15359999999999907,12.1503,0.07019999999999982,,,0.04939072056385015,0.053802804529628885,0.047695307043288386,19.06,12.71,0.8708661417322834,70.91254752851711,1.5147580252972137,1.2784659229423774,0.23629210235483633,15.605500000000001,19.291710291856564,11.919289708143438,0.8573453209953914,7477452.1669999985,0.5156258046043614,66660.6726101502,0.29999999999999716,0.1700000000000017,0.4200000000000017,0.8900000000000006,0.33707865168538986,0.44481857558242743,0.5551814244175725,0.08355657566541913,0,4,11,4,False,False,1,-1,high_vol,sideways_volatile
2024-11-30,18.25,19.441,17.93,19.0,5052772.3,1733011199999,94295089.27637,378345.0,2546173.32,47593997.48067,0,0.04166666666666674,0.0408219945202552,18.233999999999998,0.33200000000000074,17.526,0.4759999999999991,15.843,0.23749999999999893,13.315999999999999,0.16180000000000128,12.2255,0.0752000000000006,,,0.04641230445881939,0.053966957198986594,0.04778724827248889,19.441,12.71,0.9344822463229834,71.13207547169812,1.5744619468933116,1.3376651277325644,0.23679681916074724,15.843,19.765963970748295,11.920036029251705,0.9023743301672243,7411744.658000002,0.681725090805199,210532.17916666705,0.75,0.44099999999999895,0.3200000000000003,1.5109999999999992,0.496360026472535,0.5039161016616561,0.4960838983383439,0.07487869580032332,0,5,11,4,False,False,1,-1,high_vol,sideways_volatile
2024-12-01,19.0,19.11,18.43,18.92,4149445.38,1733097599999,77778793.4794,310427.0,2077298.3,38942036.0349,0,-0.004210526315789331,-0.004219415542708099,18.55,0.3160000000000025,17.929,0.4029999999999987,16.0435,0.20050000000000168,13.474200000000002,0.15820000000000256,12.2942,0.06869999999999976,,,0.047239001966442457,0.0536470793845801,0.04784230295003595,19.441,12.71,0.9225969395335021,75.85513078470827,1.5969141709712442,1.3895149363803003,0.2073992345909439,16.0435,20.170286821933498,11.916713178066505,0.848515700485383,7220999.0,0.5746359167201103,-17471.34896842046,0.0799999999999983,0.10999999999999943,0.490000000000002,0.6799999999999997,0.11764705882352695,0.5006207118696909,0.4993792881303091,0.0748116848329258,0,6,12,4,False,False,1,-1,high_vol,sideways_volatile
2024-12-02,18.91,26.9,18.57,25.23,36222747.77,1733183999999,794939892.02905,2043248.0,18208605.24,400363522.45415,0,0.33350951374207183,0.2878141990292341,19.863999999999997,1.3139999999999965,18.795,0.8660000000000032,16.607499999999998,0.5639999999999965,13.763799999999998,0.2895999999999965,12.423,0.12880000000000003,,,0.10676253576381832,0.08683057466808396,0.06573197586494806,26.9,12.71,0.8823114869626498,83.75084631008802,2.0996683160924583,1.531545612322732,0.5681227037697263,16.607499999999998,22.3114483093546,10.903551690645397,1.2558360921555787,9817241.943,3.689707147925386,12080630.995174417,6.32,1.6699999999999982,0.33999999999999986,8.329999999999998,0.7587034813925572,0.502684262265728,0.4973157377342719,0.05640786869548963,0,0,12,4,False,False,1,-1,high_vol,sideways_volatile
2024-12-03,25.22,26.32,22.54,24.09,22028330.36,1733270399999,539645955.9869,1376487.0,10754737.26,263599969.7137,0,-0.045184304399524367,-0.046236946026186374,21.096,1.2320000000000029,19.466,0.6709999999999994,17.137999999999998,0.5305,14.02,0.25620000000000154,12.5429,0.11989999999999945,,,0.11067799197938014,0.08733320593730978,0.06620334092688866,26.9,12.71,0.8019732205778718,81.00851342501637,2.378695998838797,1.7009756896259451,0.6777203092128519,17.137999999999998,23.54719274003732,10.728807259962675,1.0423459928558427,10866684.908,2.0271435627790084,-995334.7843995241,1.129999999999999,1.1000000000000014,1.5500000000000007,3.780000000000001,0.29894179894179856,0.48822298759096694,0.5117770124090331,0.06248712351343182,0,1,12,4,False,False,1,-1,high_vol,sideways_volatile
2024-12-04,24.1,26.59,23.6,24.07,14113341.66,1733356799999,349634191.7628,890306.0,6514601.91,161797554.8347,0,-0.0008302200083021294,-0.0008305648317993432,22.262,1.1660000000000004,20.082,0.6159999999999997,17.691499999999998,0.5534999999999997,14.2724,0.25239999999999974,12.6653,0.12240000000000073,,,0.11135130609576004,0.08624226040395518,0.06625214606066605,26.9,12.71,0.8005637773079635,82.96445338698861,2.5686043428840613,1.8745014202775687,0.6941029226064925,17.691499999999998,24.49585858766081,10.887141412339187,0.9687069264373375,11442137.289,1.2334532704451977,-11717.178630135988,0.030000000000001137,2.4899999999999984,0.46999999999999886,2.9899999999999984,0.010033444816053897,0.46159173829566313,0.5384082617043369,0.06308257969289464,0,2,12,4,False,False,1,-1,high_vol,sideways_volatile
2024-12-05,24.07,24.82,22.41,23.15,9709163.86,1733443199999,231864607.3815,882039.0,4423174.09,105704671.7337,0,-0.0382218529289573,-0.038971471262737596,23.092000000000002,0.8300000000000018,20.663,0.5809999999999995,18.157,0.46550000000000225,14.5106,0.23820000000000086,12.7852,0.11989999999999945,,,0.11179364896564302,0.08740231352748909,0.06652718792282657,26.9,13.56,0.7188905547226386,77.2068511198946,2.614730773769846,2.0225472909760245,0.5921834827938217,18.157,25.12382393845814,11.190176061541859,0.8583411927806677,11383096.265,0.8529457745036472,-371102.23312006734,0.9200000000000017,0.75,0.7399999999999984,2.41,0.3817427385892123,0.4555669420950529,0.5444330579049471,0.09084603089601169,0,3,12,4,False,False,1,-1,high_vol,sideways_volatile
2024-12-06,23.15,25.94,22.75,25.87,8541586.87,1733529599999,206332081.7244,770425.0,4229017.5,102366497.9151,0,0.11749460043196547,0.1110892156656947,24.482,1.389999999999997,21.516,0.852999999999998,18.7245,0.567499999999999,14.8074,0.2967999999999993,12.932199999999998,0.14699999999999847,,,0.11396452147857838,0.08953222654902873,0.06783113525280951,26.9,13.56,0.9227886056971516,78.66831072749692,2.838052270631703,2.1856482869071603,0.6524039837245428,18.7245,26.269041351899798,11.1799586481002,0.9735543001696642,11556063.217,0.739143314605147,1003590.3363455725,2.7200000000000024,0.07000000000000028,0.3999999999999986,3.1900000000000013,0.8526645768025083,0.4951091131383647,0.5048908868616353,0.09019694018519069,0,4,12,4,False,False,1,-1,high_vol,sideways_volatile
2024-12-07,25.88,26.89,24.44,24.79,6873804.42,1733615999999,175519398.5078,607308.0,3149221.26,80639570.8651,0,-0.04174719752609202,-0.042643650150838645,24.394,-0.08800000000000097,22.129,0.6130000000000031,19.275,0.5504999999999995,15.073599999999999,0.26619999999999955,13.070700000000002,0.13850000000000406,,,0.11655182417768081,0.08910186068044858,0.06829882728426452,26.9,13.75,0.8395437262357415,72.46816252274105,2.894522933180088,2.327423216161746,0.5670997170183423,19.275,26.90667499032122,11.643325009678776,0.8613230389786207,11516061.251,0.5968884907939432,-286962.0708774644,1.0899999999999999,1.0100000000000016,0.34999999999999787,2.4499999999999993,0.44489795918367353,0.4581482200507532,0.5418517799492468,0.08835107356749612,0,5,12,4,False,False,1,-1,high_vol,sideways_volatile
2024-12-08,24.79,27.41,24.68,26.09,9422038.91,1733702399999,245095876.22351,993975.0,4739054.24,123366096.50421,0,0.05244050020169433,0.05111175310153802,24.794,0.40000000000000213,22.945,0.815999999999999,19.816499999999998,0.5414999999999992,15.367,0.2934000000000019,13.2205,0.14979999999999727,,,0.11372585911734115,0.08752364408242962,0.06839239200680841,27.41,13.83,0.9027982326951399,73.69640787949015,3.0094840171347492,2.4638353763563465,0.5456486407784027,19.816499999999998,27.778399469215522,11.854600530784474,0.8939700585429599,11996879.882000001,0.7853741141591934,494096.4333602268,1.3000000000000007,1.3200000000000003,0.10999999999999943,2.7300000000000004,0.4761904761904764,0.5029754478057021,0.4970245521942978,0.1054946821483674,0,6,12,4,False,False,1,-1,high_vol,sideways_volatile
2024-12-09,26.09,27.36,19.56,22.25,19183245.38,1733788799999,463136992.4349,1644636.0,9348241.98,226178424.6269,0,-0.14718282866998844,-0.15921009053638777,24.43,-0.36400000000000077,23.345999999999997,0.40099999999999625,20.198,0.3815000000000026,15.5724,0.20539999999999914,13.332799999999999,0.1122999999999994,,,0.12878840895818805,0.09494842925202696,0.07214566172294663,27.41,13.83,0.6200294550810015,61.958110082805646,2.7589323419751857,2.5228547694801144,0.23607757249507122,20.198,27.83611384818886,12.559886151811142,0.63432635600781,13529647.691,1.4178673250125209,-2823444.3180988873,3.84,1.2699999999999996,2.6900000000000013,7.800000000000001,0.4923076923076922,0.4873128500845982,0.5126871499154018,0.0857329386879792,0,0,12,4,False,False,1,-1,high_vol,sideways_volatile
2024-12-10,22.24,23.78,20.27,22.12,15548546.65,1733875199999,342699534.092,1193530.0,7562855.8,166874038.5825,0,-0.00584269662921344,-0.005859831958115126,24.224,-0.20599999999999952,23.657999999999998,0.31200000000000117,20.592,0.39399999999999835,15.7806,0.20819999999999972,13.4503,0.11750000000000149,,,0.1290539845190012,0.09448350905700253,0.07200771297926535,27.41,13.83,0.6104565537555229,61.56824782187802,2.5208199771980304,2.5224478110236976,-0.0016278338256672242,20.592,27.732843529709157,13.45115647029084,0.6069901611513281,14579225.125999998,1.0664864912656677,-90845.44110112292,0.11999999999999744,1.5400000000000027,1.8500000000000014,3.5100000000000016,0.03418803418803344,0.48640274684450974,0.5135972531554903,0.07676151519923567,0,1,12,4,False,False,1,-1,high_vol,sideways_volatile
2024-12-11,22.11,24.33,21.14,24.07,7801029.71,1733961599999,179963149.4907,596727.0,3674677.52,84844945.0712,0,0.0881555153707052,0.08448407514084649,23.863999999999997,-0.360000000000003,24.173000000000002,0.5150000000000041,21.051,0.45899999999999963,16.0226,0.24200000000000088,13.583300000000001,0.1330000000000009,,,0.13026751705296238,0.0954196069951746,0.07273971361883512,27.41,14.72,0.7368006304176516,62.705495537811174,2.4610929680170948,2.510176842422377,-0.04908387440528239,21.051,27.819042241998297,14.282957758001698,0.7230334779285175,14944383.559,0.5220041147366004,687703.794507233,1.9600000000000009,0.259999999999998,0.9699999999999989,3.1899999999999977,0.6144200626959254,0.47105031727920443,0.5289496827207956,0.07649336333574866,0,2,12,4,False,False,1,-1,high_vol,sideways_volatile
2024-12-12,24.06,29.45,23.87,29.13,21001352.82,1734047999999,583651247.24604,1465965.0,10448464.91,290434359.28084,0,0.2102201911092645,0.19080231917636253,24.732,0.8680000000000021,24.563,0.389999999999997,21.679,0.6280000000000001,16.3788,0.35619999999999763,13.771499999999998,0.1881999999999966,,,0.10103814930676264,0.10220758010373514,0.07698245862688712,29.45,16.1,0.9760299625468165,71.85792349726776,2.789898382840949,2.566121150506092,0.22377723233485725,21.679,29.004278223564704,14.353721776435293,1.0085813652804927,13422244.064,1.5646677798333322,4414908.403373491,5.07,0.3200000000000003,0.18999999999999773,5.579999999999998,0.9086021505376347,0.4975138982499128,0.5024861017500871,0.0698033604103795,0,3,12,4,False,False,1,-1,high_vol,sideways_volatile
2024-12-13,29.14,30.94,27.53,28.99,14381820.64,1734134399999,417184765.98709,878756.0,7219266.57,209933857.64439,0,-0.004806041881222134,-0.004817628037779134,25.312,0.5800000000000018,25.053,0.490000000000002,22.2595,0.5805000000000007,16.7262,0.3474000000000004,13.958,0.18650000000000233,,,0.09897702876056418,0.10247608830626793,0.07707045281076727,30.94,16.1,0.868598382749326,71.11984282907662,3.0045476578984918,2.653806451984572,0.3507412059139199,22.2595,29.979784900660604,14.539215099339396,0.9358971259871567,12657593.092,1.1362208071840898,-69119.63232406492,0.15000000000000213,1.8000000000000007,1.4599999999999973,3.41,0.04398826979472203,0.5019716731775345,0.4980283268224655,0.06110186060559854,0,4,12,4,False,False,1,-1,high_vol,sideways_volatile
2024-12-14,28.99,30.77,28.71,29.12,10705069.13,1734220799999,318524375.7764,947124.0,5353052.55,159419778.3844,0,0.004484304932735439,0.004474280394921107,26.686,1.3739999999999988,25.558,0.504999999999999,22.82,0.5605000000000011,17.086,0.3597999999999999,14.148900000000001,0.19090000000000096,,,0.0988492327419882,0.10264002313667506,0.07656909719112256,30.94,16.18,0.8766937669376693,70.38678485092666,3.1488506778678094,2.7528152971612196,0.3960353807065897,22.82,30.83286334261156,14.80713665738844,0.8931178987227492,12316765.839,0.8691461110759533,48004.794304932875,0.13000000000000256,1.6499999999999986,0.2799999999999976,2.0599999999999987,0.06310679611650613,0.5000483868897724,0.49995161311022757,0.08847434691904693,0,5,12,4,False,False,1,-1,high_vol,sideways_volatile
2024-12-15,29.13,29.88,28.02,29.26,7150900.76,1734307199999,207187309.3059,559121.0,3504512.17,101580723.247,0,0.004807692307692291,0.0047961722634930135,28.113999999999997,1.4279999999999973,26.169,0.6110000000000007,23.416,0.5960000000000001,17.451,0.365000000000002,14.345800000000002,0.19690000000000119,,,0.09677881182554009,0.10181874081581141,0.07646423932822498,30.94,16.18,0.8861788617886179,70.77974276527331,3.2371923524549615,2.849690708219968,0.38750164423499367,23.416,31.485660920287835,15.346339079712164,0.8620969987293813,12060939.529000001,0.592897488856981,34379.330576922956,0.13000000000000256,0.6199999999999974,1.1099999999999994,1.8599999999999994,0.06989247311828096,0.490079821776187,0.509920178223813,0.07818889098944788,0,6,12,4,False,False,1,-1,high_vol,sideways_volatile
2024-12-16,29.25,30.85,28.41,28.73,11253244.27,1734393599999,333800200.398,988783.0,5445279.81,161620525.069,0,-0.018113465481886526,-0.018279522600780057,29.046000000000003,0.9320000000000057,26.455000000000002,0.28600000000000136,23.9855,0.5694999999999979,17.805799999999998,0.35479999999999734,14.5328,0.1869999999999976,,,0.0922074159292264,0.10218843884650372,0.07660412461683903,30.94,16.96,0.8419170243204578,59.16230366492146,3.2272356319468294,2.9251996929653403,0.30203593898148906,23.9855,31.85484752862748,16.116152471372516,0.8014544714628651,12332105.269,0.9125160728467019,-203835.25164388234,0.5199999999999996,1.6000000000000014,0.3200000000000003,2.4400000000000013,0.21311475409836036,0.4838853293637782,0.5161146706362219,0.08786648332481278,0,0,12,4,False,False,1,-1,high_vol,sideways_volatile
2024-12-17,28.74,29.07,27.3,27.86,8162177.01,1734479999999,230177861.2048,786313.0,3726039.3,105168319.1033,0,-0.030281935259310888,-0.030749904639538608,28.792,-0.25400000000000134,26.762,0.3069999999999986,24.445500000000003,0.4600000000000044,18.139400000000002,0.3336000000000041,14.7079,0.17510000000000048,,,0.09150247267516448,0.1024328554528985,0.07695920267490496,30.94,17.48,0.7711738484398216,60.01062134891131,3.1132554591048844,2.9628108461932494,0.15044461291163502,24.445500000000003,32.07605209425619,16.81494790574381,0.7237387254436166,12460942.528,0.6550208374414227,-247166.51579185572,0.879999999999999,0.33000000000000185,0.5599999999999987,1.7699999999999996,0.49717514124293744,0.45650067321928856,0.5434993267807114,0.09633618568142276,0,1,12,4,False,False,1,-1,high_vol,sideways_volatile
2024-12-18,27.86,28.4,24.72,24.86,10891198.88,1734566399999,291675807.9454,720832.0,4908291.26,131413164.8351,0,-0.10768126346015794,-0.11393188226909459,27.965999999999998,-0.8260000000000041,26.639,-0.12300000000000111,24.792,0.3464999999999989,18.4006,0.26119999999999877,14.851199999999999,0.1432999999999982,,,0.09807232028273209,0.10577472467728613,0.07890689445241447,30.94,17.52,0.5469448584202682,51.811095827602024,2.749159819879946,2.920080640930589,-0.1709208210506432,24.792,31.77904244335633,17.80495755664367,0.504866150488656,12607858.525,0.86384209169257,-1172778.055994257,3.0,0.5399999999999991,0.14000000000000057,3.6799999999999997,0.8152173913043479,0.4506658370744947,0.5493341629255053,0.06618481656080087,0,2,12,4,False,False,1,-1,high_vol,sideways_volatile
2024-12-19,24.85,25.61,21.72,22.81,14916127.01,1734652799999,355068510.7792,623007.0,7269936.7,173517639.4824,0,-0.08246178600160903,-0.08606104978626841,26.703999999999997,-1.2620000000000005,26.695,0.05600000000000094,25.0205,0.22849999999999682,18.608999999999998,0.20839999999999748,14.973500000000001,0.12230000000000274,,,0.08904597969652528,0.10829543544757139,0.08002115572107328,30.94,17.93,0.37509607993850874,49.25893635571055,2.269037483508498,2.789872009446171,-0.5208345259376728,25.0205,31.375680149833812,18.665319850166185,0.32608675538034876,12181146.688000001,1.2245256864605618,-1230010.4734714404,2.0400000000000027,0.759999999999998,1.0899999999999999,3.8900000000000006,0.5244215938303348,0.48738769086144973,0.5126123091385503,0.041767343465386596,0,3,12,4,False,False,1,-1,high_vol,sideways_volatile
2024-12-20,22.81,23.72,20.02,23.39,13433143.15,1734739199999,295876174.5109,517367.0,6493323.04,143173606.6643,0,0.025427444103463426,0.025109544299791026,25.53,-1.173999999999996,26.822000000000003,0.12700000000000244,25.240000000000002,0.21950000000000358,18.8486,0.23960000000000292,15.103399999999999,0.12989999999999746,,,0.08913882765024321,0.10815610823041111,0.07886446291452939,30.94,18.43,0.3964828137490008,44.03846153846154,1.9132830891034196,2.6145542253776206,-0.701271136274201,25.240000000000002,30.99450395685617,19.485496043143833,0.33925634478052363,11969606.338,1.1222710898481012,341570.4965804476,0.5800000000000018,0.3299999999999983,2.789999999999999,3.6999999999999993,0.1567567567567573,0.4833807670693958,0.5166192329306042,0.038514217724241254,0,4,12,4,False,False,1,-1,high_vol,sideways_volatile
2024-12-21,23.4,24.94,21.78,22.13,8748702.92,1734825599999,203382017.255,350222.0,4021194.56,93632342.0841,0,-0.053869174861051805,-0.05537442653312945,24.21,-1.3200000000000003,26.627999999999997,-0.19400000000000617,25.4005,0.16049999999999898,19.066200000000002,0.2176000000000009,15.2169,0.11350000000000193,,,0.086393369740479,0.10919738013955473,0.07938691922178569,30.94,18.57,0.2877930476960387,43.66062917063871,1.5122415198219095,2.3940916842664786,-0.8818501644445691,25.4005,30.561232200192617,20.239767799807385,0.183136048032299,12064373.659,0.7251684312242338,-471285.4074048745,1.2699999999999996,1.5400000000000027,0.34999999999999787,3.16,0.40189873417721506,0.4596332275504904,0.5403667724495095,0.04003130557781016,0,5,12,4,False,False,1,-1,high_vol,sideways_volatile
2024-12-22,22.14,22.79,21.31,22.08,4483502.54,1734911999999,99094179.8304,196651.0,2227136.8,49281976.2379,0,-0.00225937641211027,-0.0022619326540637415,23.054,-1.1560000000000024,25.923000000000002,-0.7049999999999947,25.243000000000002,-0.15749999999999886,19.284,0.21779999999999688,15.3232,0.10629999999999917,,,0.04249276479340642,0.07895281577461857,0.07937086091938352,30.94,19.56,0.22144112478031625,39.837810440952865,1.1768130365407075,2.1506359547213245,-0.9738229181806171,25.243000000000002,30.61364183168178,19.872358168318225,0.20552867803050517,10412588.631000001,0.43058481410202554,-10129.919882512482,0.060000000000002274,0.6499999999999986,0.7699999999999996,1.4800000000000004,0.04054054054054206,0.4967403899363019,0.5032596100636981,0.04386102120954748,0,6,12,4,False,False,1,-1,high_vol,sideways_volatile
2024-12-23,22.08,24.97,21.49,24.55,9215196.76,1734998399999,213195847.4371,354818.0,4617330.54,106878008.699,0,0.11186594202898559,0.1060396328316351,22.991999999999997,-0.062000000000001165,25.479000000000003,-0.44399999999999906,25.266,0.022999999999996135,19.5598,0.27580000000000027,15.4558,0.13260000000000005,,,0.06106302472897299,0.08235401685604019,0.08008882796944822,30.94,19.56,0.4384885764499122,56.2636165577342,1.0976390050635132,1.9400365647897624,-0.8423975597262492,25.266,30.61976463710101,19.912235362898986,0.43313116577462196,9895926.242999999,0.9312111401920037,1030866.6665398558,2.4700000000000024,0.41999999999999815,0.5899999999999999,3.4800000000000004,0.7097701149425294,0.5010560989909889,0.4989439010090111,0.03850357287433546,0,0,12,4,False,False,1,-1,high_vol,sideways_volatile
2024-12-24,24.55,25.99,23.54,25.42,8371919.06,1735084799999,205811032.7601,274564.0,3998077.16,98329793.7901,0,0.035437881873727095,0.03482441152077841,23.514,0.522000000000002,25.109,-0.370000000000001,25.3335,0.06750000000000256,19.863,0.30320000000000036,15.6019,0.14610000000000056,,,0.06290635910425722,0.08263901890556903,0.07954655946608352,30.94,19.56,0.5149384885764501,58.63874345549738,1.092501071512281,1.770529466134266,-0.6780283946219852,25.3335,30.657733673546453,20.00926632645355,0.5081232347511133,9662611.236,0.8664240809781039,296683.0787046844,0.870000000000001,0.5699999999999967,1.0100000000000016,2.4499999999999993,0.355102040816327,0.47755802837396283,0.5224419716260371,0.03279582590708898,0,1,12,4,False,False,1,-1,high_vol,sideways_volatile
2024-12-25,25.43,25.59,24.15,24.44,4716973.49,1735171199999,116984340.6108,175846.0,2120279.64,52632161.2738,0,-0.03855232100708106,-0.03931513145791344,23.724,0.21000000000000085,24.627,-0.48200000000000287,25.398000000000003,0.06450000000000244,20.1352,0.27220000000000155,15.740900000000002,0.13900000000000112,,,0.06313505271432024,0.08264833635129709,0.07982986012778047,30.94,19.56,0.428822495606327,51.020408163265316,0.9978488321600381,1.6159933393394206,-0.6181445071793825,25.398000000000003,30.641500638635232,20.154499361364774,0.40864881440642403,9419218.509,0.5007818308379792,-181850.27616837146,0.9899999999999984,0.16000000000000014,0.2900000000000027,1.4400000000000013,0.6874999999999983,0.44950001192395933,0.5504999880760407,0.03727941239712161,0,2,12,4,False,False,1,-1,high_vol,sideways_volatile
2024-12-26,24.44,24.7,22.42,22.68,4244868.44,1735257599999,98625756.6288,178885.0,2027037.41,47063637.4199,0,-0.07201309328968908,-0.0747376554438433,23.834,0.10999999999999943,24.022,-0.6050000000000004,25.2385,-0.15950000000000486,20.345399999999998,0.21019999999999683,15.861399999999998,0.12049999999999628,,,0.0655841576703652,0.07999896251120005,0.07940333061112416,30.94,19.56,0.2741652021089631,28.253540121375607,0.7719207377141508,1.4471788190143668,-0.675258081300216,25.2385,30.613957973145382,19.863042026854615,0.2620202768971772,8718380.926,0.4868872415680911,-305686.106972177,1.7600000000000016,0.259999999999998,0.259999999999998,2.2799999999999976,0.771929824561405,0.47752655674765737,0.5224734432523426,0.04214147093802511,0,3,12,4,False,False,1,-1,high_vol,sideways_volatile
2024-12-27,22.68,23.67,21.37,21.57,5144826.16,1735343999999,116409480.1271,212330.0,2318729.21,52596649.4185,0,-0.04894179894179895,-0.05018001845848632,23.732,-0.10200000000000031,23.393,-0.6289999999999978,25.0775,-0.1609999999999978,20.525,0.17960000000000065,15.9682,0.10680000000000156,,,0.06612692482390668,0.08019546789490646,0.0798691486997171,30.94,19.56,0.1766256590509667,26.518987341772174,0.4975677208381484,1.2572565993791232,-0.7596888785409748,25.0775,30.69686829189898,19.45813170810102,0.18790975979840124,8416645.841,0.6112679869382186,-251797.0475132276,1.1099999999999994,0.990000000000002,0.1999999999999993,2.3000000000000007,0.4826086956521735,0.45069145932036697,0.549308540679633,0.04127058784820049,0,4,12,4,False,False,1,-1,high_vol,sideways_volatile
2024-12-28,21.56,22.38,21.06,21.99,4644178.39,1735430399999,100096973.6961,163727.0,2103591.48,45420923.7661,0,0.01947148817802491,0.01928434416560468,23.220000000000002,-0.5119999999999969,23.106,-0.28699999999999903,24.8725,-0.20500000000000185,20.691,0.16600000000000037,16.076,0.107800000000001,,,0.06004494719516235,0.07930909878345481,0.07916566396221474,30.94,19.56,0.21353251318101926,27.843380981976395,0.3104527620795956,1.0678958319192178,-0.7574430698396222,24.8725,30.633698248902526,19.11130175109747,0.24983502776101318,7791943.792,0.5960230866614032,90429.06461752375,0.4299999999999997,0.39000000000000057,0.5,1.3200000000000003,0.32575757575757547,0.4529523423410099,0.5470476576589901,0.03525424440037499,0,5,12,4,False,False,1,-1,high_vol,sideways_volatile
2024-12-29,21.99,22.02,20.77,20.96,2537973.93,1735516799999,54398428.7225,101744.0,1188092.16,25490974.9164,0,-0.046839472487494205,-0.04797194511382829,22.328,-0.892000000000003,22.921,-0.18500000000000227,24.808,-0.06449999999999889,20.834600000000002,0.14360000000000284,16.171200000000002,0.09520000000000195,,,0.05624361670049653,0.07278723318276958,0.07960468401009842,30.94,20.02,0.08608058608058619,25.559481743227337,0.07814955778637156,0.8699465770926486,-0.791797019306277,24.808,30.719738901719605,18.896261098280394,0.17454584311219382,6554128.484,0.38723286188174766,-118877.36006821255,1.0299999999999976,0.030000000000001137,0.19000000000000128,1.25,0.8239999999999981,0.4681262269703455,0.5318737730296544,0.04008867025675082,0,6,12,4,False,False,1,-1,high_vol,sideways_volatile
2024-12-30,20.96,21.83,20.09,20.58,4524110.74,1735603199999,94321234.0832,181584.0,2133877.85,44524285.1961,0,-0.018129770992366567,-0.018296129046938024,21.555999999999997,-0.772000000000002,22.64,-0.2809999999999988,24.731,-0.07699999999999818,20.961199999999998,0.12659999999999627,16.262,0.090799999999998,,,0.0551264562896037,0.07288569240150594,0.07964209066995405,30.94,20.02,0.051282051282051155,25.787284610814027,-0.13505836076571143,0.6689455895209766,-0.804003950286688,24.731,30.827386850551612,18.63461314944839,0.15955244460705323,5663225.242999999,0.798857637808421,-82021.09166030605,0.38000000000000256,0.8699999999999974,0.48999999999999844,1.7399999999999984,0.21839080459770283,0.4716679083766194,0.5283320916233806,0.04013694854869976,0,0,12,4,False,False,1,-1,high_vol,sideways_volatile
2024-12-31,20.57,21.2,19.82,20.01,4498064.0,1735689599999,92115406.4129,172476.0,1966963.58,40334934.7348,0,-0.027696793002915276,-0.028087581810261327,21.022,-0.5339999999999989,22.427999999999997,-0.2120000000000033,24.528,-0.20300000000000296,21.0632,0.10200000000000031,16.3508,0.0887999999999991,,,0.05348197981698979,0.06995480771483209,0.07964608640464436,30.94,19.82,0.01708633093525191,26.255293405928626,-0.3460325606482222,0.4659499594871368,-0.811982520135359,24.528,30.977233655004426,18.07876634499557,0.1497258246726606,5238161.351000001,0.8587104708298626,-124581.9475218651,0.5599999999999987,0.629999999999999,0.19000000000000128,1.379999999999999,0.4057971014492747,0.4372911501481526,0.5627088498518473,0.03834449665456072,0,1,12,4,False,False,1,-1,high_vol,sideways_volatile
2025-01-01,20.02,21.86,19.67,21.73,4784506.5,1735775999999,98808034.4598,155681.0,2243157.11,46487434.8959,0,0.08595702148925533,0.08246164567269619,21.054,0.03200000000000003,22.393,-0.03499999999999659,24.158,-0.36999999999999744,21.218799999999998,0.15559999999999974,16.4542,0.1034000000000006,,,0.06136842606662695,0.0531457826534532,0.07966541727588672,30.94,19.67,0.18278615794143735,39.7377049180328,-0.3701743689818322,0.298725093793343,-0.6688994627751752,24.158,30.339080130442177,17.976919869557825,0.30359419803976,5268261.7469999995,0.9081755481728916,411261.9280359818,1.7100000000000009,0.129999999999999,0.34999999999999787,2.1899999999999977,0.7808219178082204,0.4688377181638273,0.5311622818361726,0.03253857006987032,0,2,1,1,False,False,1,-1,high_vol,sideways_volatile
2025-01-02,21.73,22.91,21.72,22.07,5942889.48,1735862399999,132406604.3565,305525.0,2890590.31,64421263.7887,0,0.01564657156005511,0.015525426000306652,21.07,0.01600000000000179,22.145,-0.2480000000000011,23.812,-0.3460000000000001,21.3906,0.17180000000000106,16.5534,0.09919999999999973,,,0.04797050238364615,0.053511513070916034,0.07939570973940072,30.85,19.67,0.21466905187835408,47.26735598227475,-0.3577478727305916,0.1674305004885561,-0.5251783732191477,23.812,29.6175240481531,18.0064759518469,0.34997047763894973,4941031.018999999,1.2027630381488204,92985.84552231872,0.33999999999999986,0.8399999999999999,0.010000000000001563,1.1900000000000013,0.2857142857142853,0.4863947612904287,0.5136052387095713,0.051410176990200396,0,3,1,1,False,False,1,-1,high_vol,sideways_volatile
2025-01-03,22.07,23.9,21.63,23.48,6281911.66,1735948799999,142715278.7279,412669.0,2842293.85,64658518.0931,0,0.06388763026733124,0.06192977469125069,21.574,0.5040000000000013,21.951,-0.19399999999999906,23.53,-0.28200000000000003,21.6002,0.20960000000000178,16.6671,0.11370000000000147,,,0.0516394241282645,0.056072861019550745,0.07940519760842207,30.85,19.67,0.3407871198568872,50.31315240083507,-0.23145648253112583,0.0876531038846197,-0.31910958641574555,23.53,28.770317386932707,18.289682613067296,0.49522929659521375,4732030.279000001,1.3275298951230567,401336.44950611703,1.4100000000000001,0.41999999999999815,0.4400000000000013,2.2699999999999996,0.6211453744493394,0.4524568322248581,0.5475431677751419,0.06569162737955471,0,4,1,1,False,False,1,-1,high_vol,sideways_volatile
2025-01-04,23.48,24.05,22.87,23.6,3449453.99,1736035199999,80640836.3873,254603.0,1575944.11,36881622.6465,0,0.005110732538330609,0.005097717071668801,22.178000000000004,0.6040000000000028,21.867,-0.08399999999999963,23.247,-0.28300000000000125,21.7954,0.19519999999999982,16.7775,0.1103999999999985,,,0.050481885081157724,0.056076891012103995,0.079088073850932,30.85,19.67,0.351520572450805,55.555555555555564,-0.12029990636309407,0.04606250183507696,-0.16636240819817102,23.247,27.742837138837118,18.751162861162882,0.5392585395221087,4605278.329,0.7490218274709625,17629.23674616735,0.120000000000001,0.4499999999999993,0.6099999999999994,1.1799999999999997,0.10169491525423816,0.4568676998066004,0.5431323001933996,0.0738096524082062,0,5,1,1,False,False,1,-1,high_vol,sideways_volatile
2025-01-05,23.6,23.83,22.85,23.58,2516610.67,1736121599999,58710231.9288,204106.0,1185081.21,27654749.7407,0,-0.0008474576271187972,-0.0008478169223396704,22.892000000000003,0.7139999999999986,21.957,0.08999999999999986,22.9895,-0.2575000000000003,21.976599999999998,0.18119999999999692,16.8866,0.10910000000000153,,,0.044195674303914086,0.05606537871273942,0.07894518618910963,29.07,19.67,0.4159574468085103,55.68181818181818,-0.03343592325295219,0.03016281681747113,-0.06359874007042332,22.9895,26.68105779412543,19.29794220587457,0.5799797853550732,4432452.552,0.5677693422492388,-2132.7209067800463,0.020000000000003126,0.22999999999999687,0.7299999999999969,0.9799999999999969,0.02040816326530938,0.47090367378916026,0.5290963262108398,0.08110352643462328,0,6,1,1,False,False,1,-1,high_vol,sideways_volatile
2025-01-06,23.58,24.78,23.01,23.83,5871853.9,1736207999999,140499666.4445,345962.0,2915202.86,69774624.1268,0,0.01060220525869382,0.010546396001425897,23.312,0.41999999999999815,22.183,0.2259999999999991,22.788,-0.20149999999999935,22.1776,0.20100000000000406,16.9954,0.10879999999999868,,,0.03996498717245989,0.05596844294828448,0.07841227619794063,28.4,19.67,0.47651775486827014,46.72131147540982,0.05494396007554414,0.03511904546908573,0.01982491460645841,22.788,25.72250327545975,19.85349672454025,0.677542824489904,4505155.325999999,1.3033632527856602,62254.60029686182,0.25,0.9500000000000028,0.5699999999999967,1.7699999999999996,0.14124293785310738,0.4964706053057621,0.503529394694238,0.05891870027624495,0,0,1,1,False,False,1,-1,high_vol,sideways_volatile
2025-01-07,23.83,23.84,21.18,21.38,7603584.68,1736294399999,170696788.1834,445963.0,3399361.55,76275123.7499,0,-0.10281158203944607,-0.10848938551375158,23.174,-0.13800000000000168,22.122,-0.06099999999999994,22.613999999999997,-0.17400000000000304,22.3,0.12239999999999895,17.084600000000002,0.08920000000000172,,,0.053428449444103236,0.05551289508855136,0.07892531941382575,25.99,19.67,0.2705696202531643,33.91719745222929,-0.07188027902692795,0.013719180569882996,-0.08559945959681095,22.613999999999997,25.441961140207926,19.786038859792068,0.2818216130244868,4801095.955,1.5837185407805496,-781736.5701216953,2.4499999999999993,0.010000000000001563,0.1999999999999993,2.66,0.921052631578947,0.4470735440010908,0.5529264559989092,0.05865167796092724,0,1,1,1,False,False,1,-1,high_vol,sideways_volatile
2025-01-08,21.39,21.73,19.59,20.44,6791105.29,1736380799999,140072745.2986,382781.0,3019277.1,62276122.3527,0,-0.04396632366697839,-0.04496214026139538,22.566,-0.6080000000000005,22.07,-0.0519999999999996,22.4955,-0.11849999999999739,22.4164,0.11639999999999873,17.1705,0.08589999999999876,,,0.0531646893606379,0.053349296303014236,0.07895284398786351,25.99,19.59,0.13281250000000025,34.0255591054313,-0.245410605628269,-0.038106776669747405,-0.2073038289585216,22.4955,25.483000099097083,19.507999900902917,0.15598327500955808,5226409.091,1.2993826491107334,-298579.93323666917,0.9499999999999993,0.33999999999999986,0.8500000000000014,2.1400000000000006,0.44392523364485936,0.4445928859983851,0.5554071140016149,0.0563650515864701,0,2,1,1,False,False,1,-1,high_vol,sideways_volatile
2025-01-26,24.93,26.39,24.86,24.88,3530502.68,1737935999999,90302768.2884,293711.0,1716182.96,43898127.4573,0,-0.0020056157240273542,-0.0020076296644878982,25.188,-0.35800000000000054,25.125,0.18499999999999872,22.8905,0.05249999999999844,23.623800000000003,0.0018000000000029104,19.348699999999997,0.1339999999999968,15.439825,,0.04349268967768343,0.04885479541163668,0.06118241552354421,27.21,17.83,0.7515991471215351,70.58823529411765,0.8658207712829054,0.6115394833112705,0.25428128797163485,22.8905,27.84169538995115,17.93930461004885,0.7009110773569803,8505095.399,0.41510441851306035,-7080.831688728715,0.05000000000000071,1.4600000000000009,0.019999999999999574,1.5300000000000011,0.03267973856209194,0.48610158823048955,0.5138984117695105,0.08319240250512995,0,6,1,1,False,False,-1,1,high_vol,sideways_volatile
2025-02-14,18.56,19.84,18.45,19.38,3273627.94,1739577599999,62976478.4745,231325.0,1611512.32,31021159.7168,0,0.044181034482758674,0.04323287910456571,18.921999999999997,0.22399999999999665,18.747999999999998,-0.05900000000000105,20.875999999999998,-0.2775000000000034,21.877,-0.0660000000000025,21.1112,0.0721000000000025,16.1095,0.02925000000000111,0.02898301774736911,0.047652508569560194,0.047168287495638915,26.4,15.4,0.36181818181818176,26.054590570719583,-1.2033788907862792,-1.060653531084454,-0.1427253597018252,20.875999999999998,25.939929824075136,15.812070175924859,0.3522886323495583,4172985.503,0.78448102387285,144632.26890086225,0.8200000000000003,0.46000000000000085,0.10999999999999943,1.3900000000000006,0.5899280575539568,0.492271067310111,0.507728932689889,0.07066319210362067,0,4,2,1,False,False,-1,1,high_vol,sideways_volatile
2025-02-15,19.39,19.67,18.73,18.99,1679060.06,1739663999999,32201612.5684,131457.0,842260.57,16169328.2529,0,-0.020123839009287936,-0.020329081638425672,18.958,0.036000000000001364,18.728,-0.01999999999999602,20.5815,-0.2944999999999993,21.8254,-0.051600000000000534,21.1752,0.06400000000000006,16.13875,0.02925000000000111,0.02687998831943086,0.04763664586742514,0.04675777805964123,26.4,15.4,0.32636363636363624,30.612244897959158,-1.1595857347796859,-1.0804399718235005,-0.07914576295618536,20.5815,25.340899674660413,15.822100325339584,0.33280454376700835,3744425.5420000004,0.44841592953753007,-33789.13433436534,0.40000000000000213,0.28000000000000114,0.259999999999998,0.9400000000000013,0.4255319148936187,0.5016262312856158,0.4983737687143842,0.07829201773759063,0,5,2,1,False,False,-1,1,high_vol,sideways_volatile
2025-02-16,19.0,19.26,18.56,18.69,1828935.06,1739750399999,34612458.6844,130608.0,831429.31,15745576.6961,0,-0.015797788309636518,-0.015923903356722908,18.964,0.006000000000000227,18.738999999999997,0.01099999999999568,20.305500000000002,-0.27599999999999625,21.7594,-0.06599999999999895,21.2252,0.05000000000000071,16.168049999999997,0.029299999999995663,0.025253212273652525,0.04752174141447104,0.04670149603055938,26.4,15.4,0.29909090909090924,39.03345724907062,-1.1359918292499636,-1.0915503433087932,-0.04444148594117037,20.305500000000002,24.81244656817904,15.798553431820965,0.3207766638053666,3469066.3189999997,0.5272124807712563,-28893.128909952364,0.3099999999999987,0.26000000000000156,0.13000000000000256,0.7000000000000028,0.44285714285713923,0.4545975022207732,0.5454024977792268,0.07141204893300039,0,6,2,1,False,False,-1,1,high_vol,sideways_volatile
2025-02-17,18.7,19.8,18.36,19.12,3643081.5,1739836799999,69752680.8792,245131.0,1731798.0,33187782.5271,0,0.023006955591225342,0.022746286155783845,18.948,-0.015999999999998238,18.812,0.07300000000000395,20.131,-0.17450000000000188,21.722600000000003,-0.03679999999999595,21.2786,0.05339999999999989,16.199250000000003,0.031200000000005446,0.025810577034659308,0.046321042654846385,0.0463815968245438,26.4,15.4,0.3381818181818183,32.786885245901615,-1.0702588054959072,-1.087292035746216,0.017033230250308673,20.131,24.531248318351775,15.730751681648226,0.3851201197233006,3242554.976,1.1235218915221254,83816.21428571461,0.4200000000000017,0.6799999999999997,0.33999999999999986,1.4400000000000013,0.2916666666666676,0.47536625244315833,0.5246337475568417,0.06728671867483613,0,0,2,1,False,False,-1,1,high_vol,sideways_volatile
2025-03-02,14.75,17.55,14.4,17.42,7915106.42,1740959999999,128254562.6771,450780.0,4093226.41,66347299.0193,0,0.1810169491525424,0.16637588863852792,15.468,0.4219999999999988,16.072000000000003,-0.08599999999999852,17.373,-0.06950000000000145,20.4038,-0.055800000000001404,21.5541,0.008499999999997954,16.5891,0.035149999999998016,0.07728532903619172,0.0577494152965685,0.052640667521294385,19.84,13.45,0.6212832550860723,42.96788482834996,-1.360380601812679,-1.3763591812970013,0.015978579484322353,17.373,20.659271923912293,14.086728076087711,0.5071509602808593,5080221.289,1.5580239461494056,1432768.416366102,2.6700000000000017,0.129999999999999,0.34999999999999964,3.1500000000000004,0.847619047619048,0.5171410455906417,0.4828589544093584,0.0569518558665191,0,6,3,1,False,False,-1,1,high_vol,sideways_volatile
2025-03-03,17.42,17.49,14.36,14.46,8257408.33,1741046399999,131102637.9407,459361.0,3859748.29,61272599.8687,0,-0.1699196326061998,-0.18623275469373815,15.307999999999998,-0.16000000000000192,15.775,-0.2970000000000024,17.163,-0.21000000000000085,20.296200000000002,-0.10759999999999792,21.5249,-0.02919999999999945,16.61055,0.021450000000001523,0.09333268303893236,0.06887108630846896,0.057741104820570016,19.84,13.45,0.15805946791862308,29.844290657439473,-1.4162364477090286,-1.3843346345794068,-0.031901813129621814,17.163,20.634545082979237,13.691454917020764,0.1106920786867157,5447172.585,1.5159072346520852,-1403095.7897129739,2.960000000000001,0.06999999999999673,0.10000000000000142,3.129999999999999,0.9456869009584671,0.4674285363819473,0.5325714636180526,0.05563016646895068,0,0,3,1,False,False,-1,1,high_vol,sideways_volatile
2025-03-04,14.46,15.36,13.08,14.86,10326427.49,1741132799999,144894861.9487,522248.0,5170143.63,72619858.5216,0,0.027662517289073207,0.02728682255899438,15.260000000000002,-0.04799999999999649,15.485000000000003,-0.28999999999999737,16.946,-0.21699999999999875,20.206400000000002,-0.08980000000000032,21.4944,-0.03049999999999997,16.634249999999998,0.023699999999998056,0.09372069581287261,0.06883330871055708,0.05784483961911608,19.84,13.08,0.2633136094674555,35.914179104477626,-1.4119498717280017,-1.389857682009126,-0.02209218971887572,16.946,20.42398731876255,13.468012681237456,0.2001139152022278,6274251.311,1.6458421854884482,285654.97897648584,0.3999999999999986,0.5,1.3800000000000008,2.2799999999999994,0.1754385964912275,0.5006710825216862,0.4993289174783137,0.050573927963542015,0,1,3,1,False,False,-1,1,high_vol,sideways_volatile
2025-03-05,14.87,16.59,14.63,16.43,8116733.84,1741219199999,128604981.1236,415151.0,4255431.65,67432957.7129,0,0.10565275908479133,0.10043589275956355,15.584,0.32399999999999807,15.366000000000003,-0.11899999999999977,16.8395,-0.10650000000000048,20.1286,-0.07780000000000342,21.4853,-0.009100000000000108,16.665599999999998,0.03134999999999977,0.10108831009270303,0.07327411613444487,0.05940923656430915,19.84,13.08,0.49556213017751477,43.642329778506976,-1.2672586811818647,-1.3653378818436739,0.0980792006618092,16.8395,20.238951813392617,13.440048186607386,0.43976970075193894,6913922.851000001,1.1739693969576228,857555.3249528932,1.5600000000000005,0.16000000000000014,0.23999999999999844,1.959999999999999,0.7959183673469394,0.524278821245665,0.47572117875433495,0.05114754384997796,0,2,3,1,False,False,-1,1,high_vol,sideways_volatile
2025-03-06,16.43,17.67,16.37,17.06,8697077.04,1741305599999,148448982.1894,411963.0,4592474.27,78407572.7566,0,0.03834449178332311,0.03762761001435627,16.046,0.46199999999999974,15.545999999999998,0.1799999999999944,16.7235,-0.11599999999999966,20.027800000000003,-0.100799999999996,21.4825,-0.002799999999997027,16.70045,0.03485000000000227,0.09026722520169245,0.07308560021891168,0.05828257039602555,19.8,13.08,0.5922619047619045,45.12779552715655,-1.089198532677834,-1.310110012010506,0.22091147933267208,16.7235,19.909576782370017,13.537423217629986,0.5528078924309047,7254328.167,1.1988811148030325,333484.99909920804,0.629999999999999,0.610000000000003,0.05999999999999872,1.3000000000000007,0.48461538461538356,0.5280480153134299,0.47195198468657007,0.04736798330120346,0,3,3,1,False,False,-1,1,high_vol,sideways_volatile
2025-03-07,17.06,17.54,15.73,15.94,10299090.47,1741391999999,171490067.9756,532800.0,5161567.77,86080380.8527,0,-0.06565064478311833,-0.06790486870146399,15.75,-0.2959999999999994,15.608999999999998,0.06300000000000061,16.571,-0.15249999999999986,19.886,-0.14180000000000348,21.455299999999998,-0.02720000000000411,16.7292,0.02874999999999872,0.09381548980752219,0.07431960500373119,0.058554612081656236,19.8,13.08,0.42559523809523797,44.17513682564505,-1.0266249287766378,-1.2534129953637325,0.22678806658709472,16.571,19.58777345938712,13.554226540612882,0.39541806693562703,7261427.987000001,1.4183285282782216,-676141.9300351692,1.1199999999999992,0.4800000000000004,0.20999999999999908,1.8099999999999987,0.6187845303867403,0.5011673394883771,0.4988326605116229,0.0517327235401982,0,4,3,1,False,False,-1,1,high_vol,sideways_volatile
2025-03-08,15.95,16.04,15.13,15.26,3134313.82,1741478399999,48550942.9001,181622.0,1432526.49,22198546.3929,0,-0.042659974905897124,-0.04359664750575804,15.909999999999997,0.1599999999999966,15.609,1.7763568394002505e-15,16.3995,-0.17150000000000176,19.6894,-0.1966000000000001,21.428600000000003,-0.026699999999994617,16.75435,0.025150000000000006,0.09515905967334684,0.07474618305062566,0.05714013795088052,19.8,13.08,0.3244047619047618,40.48706240487062,-1.0201456102924915,-1.2067595183494846,0.18661390805699307,16.3995,19.29667448559788,13.50232551440212,0.3033428767123694,6960417.654999999,0.4503054235184397,-133709.74890840656,0.6899999999999995,0.08999999999999986,0.129999999999999,0.9099999999999984,0.7582417582417591,0.45704628581192935,0.5429537141880707,0.057946335443845254,0,5,3,1,False,False,-1,1,high_vol,sideways_volatile
2025-03-09,15.27,15.37,13.6,13.81,4248839.69,1741564799999,61017584.4974,225196.0,1911849.0,27480419.3959,0,-0.09501965923984268,-0.09984205843511014,15.7,-0.2099999999999973,15.48,-0.12899999999999956,16.134,-0.2654999999999994,19.4832,-0.20619999999999905,21.3843,-0.04430000000000334,16.7673,0.012950000000000017,0.10021621377232444,0.07684780386981295,0.05829595460083001,19.2,13.08,0.11928104575163408,36.816608996539784,-1.119113145835767,-1.189230243846741,0.07011709801097399,16.134,18.953640887921974,13.314359112078026,0.0878907824831645,7048647.385,0.6027879475205158,-403723.29950851883,1.459999999999999,0.09999999999999964,0.21000000000000085,1.7699999999999996,0.8248587570621466,0.44996967160227214,0.5500303283977278,0.05300176434757414,0,6,3,1,False,False,-1,1,high_vol,sideways_volatile
2025-03-10,13.81,14.57,12.41,12.65,7677019.97,1741651199999,103612729.9169,348681.0,3562133.95,48059269.9913,0,-0.08399710354815348,-0.08773575224767148,14.943999999999999,-0.7560000000000002,15.264,-0.21600000000000108,15.872499999999999,-0.2615000000000016,19.2494,-0.23379999999999868,21.3208,-0.06350000000000122,16.77315,0.005850000000002353,0.10332715850411281,0.0776387011049256,0.05917290951926952,19.06,12.41,0.03609022556390981,40.15094339622642,-1.2764339996564456,-1.206670995008682,-0.06976300464776353,15.872499999999999,18.967024025980034,12.777975974019963,-0.02067781231387154,7144089.681,1.0745973682857524,-644847.4413613321,1.1600000000000001,0.7599999999999998,0.2400000000000002,2.16,0.5370370370370371,0.4639995680511432,0.5360004319488568,0.0454187954912927,0,0,3,1,False,False,-1,1,high_vol,sideways_volatile
2025-03-11,12.66,13.66,11.85,13.13,10016626.39,1741737599999,128415926.576,425468.0,4817912.63,61825195.8862,0,0.037944664031620556,0.03724247314117558,14.157999999999998,-0.7860000000000014,15.102,-0.16199999999999903,15.629999999999999,-0.24249999999999972,19.0102,-0.2392000000000003,21.2629,-0.05790000000000006,16.77855,0.005399999999998073,0.1044817195748757,0.07840754917800039,0.059284889502979575,19.06,11.85,0.17753120665742042,42.03216374269006,-1.3468542241637422,-1.2347076408396942,-0.11214658332404803,15.629999999999999,18.78861395318617,12.471386046813826,0.10425679791001588,7868864.345999999,1.2729443474383668,380077.5230988143,0.47000000000000064,0.5299999999999994,0.8100000000000005,1.8100000000000005,0.2596685082872931,0.4809915476941333,0.5190084523058667,0.04247617745079938,0,1,3,1,False,False,-1,1,high_vol,sideways_volatile
2025-03-12,13.14,13.81,12.64,13.49,6327960.06,1741823999999,83574163.0875,265723.0,3073895.22,40620952.5247,0,0.027418126428027323,0.0270489819049596,13.668000000000001,-0.48999999999999666,14.709,-0.3930000000000007,15.3905,-0.2394999999999996,18.7466,-0.2636000000000003,21.145500000000002,-0.1173999999999964,16.78425,0.0057000000000009265,0.0828831182977271,0.078655255613958,0.05858712411177567,19.06,11.85,0.22746185852981982,43.67405289492495,-1.3579600499268505,-1.2593581226571255,-0.09860192726972494,15.3905,18.427114978280088,12.353885021719911,0.1870693167237775,7710149.710000001,0.8207311528325691,173500.80895658737,0.34999999999999964,0.3200000000000003,0.5,1.17,0.29914529914529886,0.4857640046482848,0.5142359953517153,0.04199188956322206,0,2,3,1,False,False,-1,1,high_vol,sideways_volatile
2025-03-13,13.49,13.6,12.71,13.04,4141753.02,1741910399999,54571993.252,202174.0,1961479.83,25865226.7051,0,-0.033358042994811044,-0.03392711372115769,13.224,-0.44400000000000084,14.567000000000002,-0.14199999999999768,15.171000000000001,-0.21949999999999825,18.5014,-0.24520000000000053,21.035,-0.11050000000000182,16.78895,0.004699999999999704,0.06516348054424734,0.0784074208964322,0.05839414121886473,18.13,11.85,0.18949044585987254,42.787114845938376,-1.3870833031608907,-1.2849031587578787,-0.10218014440301193,15.171000000000001,18.22150746425457,12.120492535745433,0.1507138525358862,7298584.1790000005,0.5674734877919122,-138160.7753150485,0.45000000000000107,0.10999999999999943,0.3299999999999983,0.8899999999999988,0.5056179775280918,0.473586865399328,0.5264131346006721,0.048813630128046605,0,3,3,1,False,False,-1,1,high_vol,sideways_volatile
2025-03-14,13.04,14.71,12.99,13.66,12755289.32,1741996799999,178467468.7526,417668.0,6567332.0,91845519.8678,0,0.04754601226993871,0.04645029764413717,13.193999999999999,-0.030000000000001137,14.447,-0.12000000000000277,14.966,-0.20500000000000185,18.261599999999998,-0.23980000000000246,20.930899999999998,-0.10410000000000252,16.798099999999998,0.009149999999998215,0.06667090644113499,0.07924769757780335,0.058884878955580616,18.13,11.85,0.28821656050955424,46.0643394934976,-1.3446347602170636,-1.2968494790497158,-0.047785281167347815,14.966,17.82924365196632,12.102756348033678,0.2719369779964223,7541470.362000001,1.6913531059236693,606463.1425153381,0.620000000000001,1.0500000000000007,0.049999999999998934,1.7200000000000006,0.3604651162790702,0.5148712691057955,0.48512873089420444,0.032744690419926906,0,4,3,1,False,False,-1,1,high_vol,sideways_volatile
2025-03-15,13.66,14.25,13.63,14.01,3408277.79,1742083199999,47621397.4214,125709.0,1779892.82,24872934.2322,0,0.025622254758418617,0.02529950620627151,13.466,0.27200000000000024,14.205000000000002,-0.24199999999999733,14.785500000000003,-0.18049999999999677,18.038200000000003,-0.2233999999999945,20.8395,-0.0913999999999966,16.812350000000002,0.014250000000004093,0.05561548056492217,0.07964857132980076,0.05909786291919347,17.75,11.85,0.36610169491525424,47.516778523489926,-1.2681336538056094,-1.2911063140008947,0.02297266019528532,14.785500000000003,17.387519256370986,12.18348074362902,0.35098111820248656,7070624.756999999,0.48203347046889544,87327.76182283998,0.34999999999999964,0.2400000000000002,0.02999999999999936,0.6199999999999992,0.5645161290322582,0.5222264526742112,0.4777735473257888,0.036883437250576925,0,5,3,1,False,False,-1,1,high_vol,sideways_volatile
2025-03-16,14.02,14.19,13.21,13.37,2780110.54,1742169599999,38117285.1993,143543.0,1250250.38,17150555.0822,0,-0.0456816559600286,-0.046757969235063875,13.514,0.04800000000000004,13.835999999999999,-0.3690000000000033,14.690999999999999,-0.09450000000000358,17.807,-0.23120000000000474,20.714499999999997,-0.12500000000000355,16.82335,0.010999999999999233,0.05305285772589894,0.07460995324081439,0.0593138681759027,17.67,11.85,0.26116838487972494,34.26573426573425,-1.2447993550068261,-1.281844922202081,0.03704556719525476,14.690999999999999,17.35695613340922,12.02504386659078,0.2522464860832672,6478928.107000001,0.4291003842126751,-127000.05321912933,0.6500000000000004,0.16999999999999993,0.15999999999999837,0.9799999999999986,0.6632653061224503,0.4497124707854242,0.5502875292145758,0.051632119635070334,0,6,3,1,False,False,-1,1,high_vol,sideways_volatile
2025-03-17,13.38,14.24,13.34,14.03,3319483.11,1742255999999,45834984.0301,147923.0,1641402.17,22673817.0721,0,0.049364248317127934,0.0481845030005178,13.622,0.10800000000000054,13.645,-0.19099999999999895,14.627,-0.06399999999999828,17.59,-0.21699999999999875,20.6069,-0.10759999999999792,16.838800000000003,0.015450000000001296,0.055152654707545205,0.0755503885548758,0.05990831919154865,17.67,11.85,0.374570446735395,47.965941343424774,-1.1596821766886123,-1.2574123730993871,0.09773019641077485,14.627,17.291844026244238,11.962155973755765,0.3879859394920387,5780967.371000001,0.5742089337248396,163863.7885265521,0.6499999999999986,0.21000000000000085,0.040000000000000924,0.9000000000000004,0.7222222222222203,0.49447522870511007,0.5055247712948899,0.04456205833805252,0,0,3,1,False,False,-1,1,high_vol,sideways_volatile
2025-03-18,14.03,14.28,13.46,13.91,2922034.37,1742342399999,40493548.8302,161335.0,1366415.23,18931620.2398,0,-0.008553100498930766,-0.008589888179017933,13.795999999999998,0.1739999999999977,13.51,-0.1349999999999998,14.5595,-0.06750000000000078,17.384,-0.20599999999999952,20.4851,-0.12180000000000035,16.8528,0.013999999999995794,0.05403999270152315,0.07556564035941954,0.05985623335490339,17.67,11.85,0.3539518900343642,45.38386783284743,-1.0893518269898586,-1.2238002638774814,0.13444843688762287,14.5595,17.22522375873679,11.893776241263211,0.3781756740788889,5759739.426000001,0.5073205841239388,-24992.453627939845,0.11999999999999922,0.25,0.4499999999999993,0.8199999999999985,0.14634146341463347,0.46762462619493417,0.5323753738050658,0.05521324514742104,0,1,3,1,False,False,-1,1,high_vol,sideways_volatile
2025-03-19,13.92,15.05,13.77,15.03,5082770.6,1742428799999,73126373.0292,224725.0,2575543.23,37100321.7922,0,0.08051761322789353,0.07744019782953152,14.069999999999999,0.2740000000000009,13.632,0.12199999999999989,14.556000000000001,-0.0034999999999989484,17.2324,-0.15160000000000196,20.4129,-0.07219999999999871,16.87285,0.020050000000001234,0.05101128575759617,0.0777303462571314,0.06060084400075349,17.67,11.85,0.5463917525773193,42.886178861788615,-0.9324907059781307,-1.1655383522976113,0.2330476463194806,14.556000000000001,17.218918067004317,11.893081932995685,0.5890001096678935,5843132.517,0.8698708415755069,409252.5572969083,1.1099999999999994,0.02000000000000135,0.15000000000000036,1.2800000000000011,0.8671874999999988,0.5067203367391793,0.49327966326082073,0.044213091182985914,0,2,3,1,False,False,-1,1,high_vol,sideways_volatile
2025-03-20,15.03,15.17,14.08,14.22,3092914.51,1742515199999,45029471.8729,137126.0,1482181.45,21601760.7432,0,-0.053892215568862145,-0.05539877938978817,14.112,0.04200000000000159,13.788999999999998,0.15699999999999825,14.526499999999999,-0.029500000000002302,17.043599999999998,-0.18880000000000052,20.3339,-0.07900000000000063,16.8921,0.019249999999999545,0.045454029680691226,0.07862546569893182,0.0604795765047746,17.67,11.85,0.4072164948453609,35.82834331337327,-0.8635825261999592,-1.105147187078081,0.24156466087812167,14.526499999999999,17.190642204201865,11.862357795798133,0.442476794309893,5384721.971,0.5743870392301077,-166684.01550898163,0.8099999999999987,0.14000000000000057,0.14000000000000057,1.0899999999999999,0.7431192660550447,0.4792183699897997,0.5207816300102003,0.044335528691997375,0,3,3,1,False,False,-1,1,high_vol,sideways_volatile
2025-05-10,16.01,17.47,15.86,17.34,5230336.13,1746921599999,86521781.8084,266024.0,2528168.37,41841594.549,0,0.08307307932542152,0.07980244434377239,15.374,0.7379999999999995,14.800999999999998,0.30399999999999494,14.680000000000001,0.20300000000000296,13.786799999999998,0.06739999999999746,15.3103,-0.07120000000000104,17.5688,0.026849999999999596,0.055518329978785065,0.04639169443185384,0.04885119764640052,17.47,12.88,0.9716775599128542,68.45238095238096,0.569348011497711,0.32982738356176705,0.23952062793594392,14.680000000000001,16.577377691779432,12.782622308220573,1.200967448791219,3342064.648,1.565001482879753,434500.12822610815,1.3299999999999983,0.129999999999999,0.15000000000000213,1.6099999999999994,0.8260869565217384,0.4833663281216307,0.5166336718783693,0.050861740696577375,0,5,5,2,False,False,1,-1,high_vol,sideways_volatile
2025-05-11,17.34,17.42,16.3,17.1,4824652.78,1747007999999,81013068.4355,248210.0,2169925.88,36456879.8757,0,-0.013840830449826869,-0.013937507843781512,16.03,0.6560000000000006,15.037,0.23600000000000243,14.879500000000002,0.19950000000000045,13.843799999999998,0.057000000000000384,15.2296,-0.08070000000000022,17.5977,0.028900000000000148,0.05640991750040819,0.04642434113547335,0.04888001909946148,17.47,12.88,0.9193899782135081,69.06906906906909,0.6921147859482311,0.40228486403905983,0.28982992190917123,14.879500000000002,16.915786351489466,12.843213648510538,1.0452327464592077,3529259.478,1.3670439394085265,-66777.20110726585,0.23999999999999844,0.08000000000000185,0.8000000000000007,1.120000000000001,0.2142857142857127,0.44975793677736947,0.5502420632226306,0.051446189253022266,0,6,5,2,False,False,1,-1,high_vol,sideways_volatile
2025-05-17,15.76,15.79,15.07,15.32,2634568.83,1747526399999,40495046.6284,152872.0,1153843.62,17743779.0385,0,-0.027918781725888242,-0.02831592011728774,16.304,-0.2840000000000025,16.459,0.14999999999999858,15.365,0.03799999999999848,14.008,0.021399999999998087,14.984000000000002,-0.032599999999996854,17.75035,0.017600000000001614,0.062095647095339844,0.046476772121951164,0.04838620752432543,17.98,13.2,0.44351464435146454,57.10526315789473,0.6206766444312226,0.6570867898592045,-0.03641014542798193,15.365,17.914819395048916,12.815180604951085,0.4911758456133446,4827101.295,0.5457869369198726,-73553.95210659876,0.4399999999999995,0.02999999999999936,0.25,0.7199999999999989,0.6111111111111114,0.43796298159346253,0.5620370184065375,0.05802543408972162,0,5,5,2,False,False,1,-1,high_vol,sideways_volatile
2025-05-18,15.33,16.4,14.88,15.88,4286878.87,1747612799999,66955472.8385,199354.0,2057302.26,32155145.8805,0,0.036553524804177506,0.035901291506544385,16.002000000000002,-0.30199999999999605,16.459,0.0,15.407500000000002,0.0425000000000022,14.054599999999999,0.04659999999999975,14.958899999999998,-0.025100000000003675,17.7678,0.017450000000000188,0.041170024417440956,0.046625528735938115,0.04803410755216092,17.98,13.2,0.5606694560669457,62.98200514138818,0.5744384015078161,0.640557112188927,-0.06611871068111086,15.407500000000002,17.962139741827706,12.8528602581723,0.5924787930492992,4688185.361,0.9144004641244816,156700.53310704944,0.5500000000000007,0.5199999999999978,0.4499999999999993,1.5199999999999978,0.3618421052631589,0.47990678588966057,0.5200932141103395,0.046503296698000705,0,6,5,2,False,False,1,-1,high_vol,sideways_volatile
2025-05-23,16.74,17.16,15.42,15.53,6190632.79,1748044799999,101599899.5984,282320.0,2693623.69,44181404.0107,0,-0.0722819593787335,-0.07502742790073348,15.972,-0.06999999999999851,15.987,-0.18600000000000172,15.774000000000001,0.06450000000000067,14.3166,0.052599999999998204,14.8237,-0.03670000000000151,17.89275,0.02634999999999721,0.037273296710522506,0.04891730279344722,0.047809732650828295,17.98,13.2,0.4874476987447698,46.850393700787386,0.41728568150030476,0.522021046615791,-0.1047353651154862,15.774000000000001,18.138308288741086,13.409691711258917,0.44839928422999265,4384464.029,1.411947446495974,-447471.0678554356,1.209999999999999,0.4200000000000017,0.10999999999999943,1.7400000000000002,0.6954022988505741,0.4351128198640902,0.5648871801359099,0.04560438481443187,0,4,5,2,False,False,1,-1,high_vol,sideways_volatile
2025-05-24,15.53,15.91,15.24,15.34,2601739.54,1748131199999,40646828.7645,109419.0,1073366.06,16768068.7138,0,-0.012234385061171915,-0.012309841221485563,15.884,-0.08799999999999919,15.819999999999999,-0.1670000000000016,15.847999999999999,0.07399999999999807,14.364600000000001,0.04800000000000182,14.791500000000001,-0.03219999999999956,17.9153,0.02254999999999896,0.03707466105466385,0.0485229970830997,0.04787006082458784,17.98,13.2,0.4476987447698745,34.5679012345679,0.3385271635763285,0.48532227000789846,-0.14679510643156995,15.847999999999999,18.04693371288984,13.649066287110161,0.38448946936822703,4270722.296000001,0.6092036334080569,-31830.68336123629,0.1899999999999995,0.3800000000000008,0.09999999999999964,0.6699999999999999,0.28358208955223807,0.41255707710080775,0.5874429228991923,0.04205609297846932,0,5,5,2,False,False,1,-1,high_vol,sideways_volatile
2025-05-25,15.34,15.56,14.86,15.54,2236117.68,1748217599999,33989579.0638,111141.0,1065100.26,16196163.6506,0,0.01303780964797907,0.012953549000391187,15.85,-0.034000000000000696,15.770000000000001,-0.04999999999999716,15.9425,0.0945000000000018,14.418399999999998,0.05379999999999718,14.7531,-0.0384000000000011,17.93215,0.016850000000001586,0.03358321354200486,0.04828019968370025,0.04785590709136457,17.98,13.2,0.48953974895397473,37.88819875776395,0.2889183285808876,0.44604148172249636,-0.15712315314160874,15.9425,17.892008710040972,13.99299128995903,0.3967688633739055,4034370.032,0.5542668774216197,29154.076662320578,0.1999999999999993,0.02000000000000135,0.4800000000000004,0.7000000000000011,0.28571428571428426,0.4763167294486934,0.5236832705513066,0.049702661444902124,0,6,5,2,False,False,1,-1,high_vol,sideways_volatile
2025-05-26,15.54,15.96,15.4,15.54,2143637.24,1748303999999,33544257.0773,104107.0,1071488.59,16774555.9521,0,0.0,0.0,15.738,-0.1120000000000001,15.748,-0.022000000000002018,16.0285,0.0860000000000003,14.5036,0.08520000000000216,14.718599999999999,-0.03450000000000131,17.9469,0.014749999999999375,0.0331790785657167,0.048294185505279585,0.04421543058639418,17.98,13.46,0.46017699115044214,40.131578947368425,0.24675849115048898,0.4061848836080949,-0.15942639245760593,16.0285,17.718212214674548,14.338787785325454,0.35544875755837174,3945000.9869999997,0.543380659995764,0.0,0.0,0.4200000000000017,0.1399999999999988,0.5600000000000005,0.0,0.4998460420476741,0.500153957952326,0.04856558659150743,0,0,5,2,False,False,1,-1,high_vol,sideways_volatile
2025-05-27,15.54,16.13,15.15,15.91,2513450.22,1748390399999,39677131.2203,126073.0,1311533.05,20702578.5332,0,0.023809523809523947,0.02353049741019425,15.572,-0.16600000000000037,15.806999999999999,0.058999999999999275,16.133000000000003,0.10450000000000159,14.5928,0.08919999999999995,14.6908,-0.02779999999999916,17.958,0.011099999999999,0.03252457330229231,0.04840727645853797,0.04426383603291739,17.98,13.81,0.5035971223021583,37.24137931034481,0.2404308864269531,0.37303408417186656,-0.13260319774491347,16.133000000000003,17.46913897795865,14.796861022041353,0.4165505970267027,3932889.1260000006,0.639084942258807,59844.05285714321,0.370000000000001,0.21999999999999886,0.3899999999999988,0.9799999999999986,0.3775510204081648,0.5218058585620208,0.4781941414379792,0.05015933834567847,0,1,5,2,False,False,1,-1,high_vol,sideways_volatile
